<?xml version="1.0" encoding="UTF-8"?>
<Configuration status="WARN" monitorInterval="30">
  
    <!-- Logging Properties -->
    <Properties>
        <Property name="LOG_PATTERN">%d{yyyy-MM-dd'T'HH:mm:ss.SSSZ} %p %m%n</Property>
        <Property name="APP_LOG_ROOT">./Logs/</Property>
    </Properties>
      
    <Appenders>
      
        <!-- Console Appender -->
        <Console name="Console" target="SYSTEM_OUT" follow="true">
            <PatternLayout pattern="${LOG_PATTERN}"/>
        </Console>
          
        <!-- File Appenders on need basis -->
        <RollingFile name="frameworkLog" fileName="${APP_LOG_ROOT}/app-framework.log"
            filePattern="${APP_LOG_ROOT}/app-framework-%d{yyyy-MM-dd}-%i.log">
            <LevelRangeFilter minLevel="ERROR" maxLevel="ERROR" onMatch="ACCEPT" onMismatch="DENY"/>
            <PatternLayout pattern="${LOG_PATTERN}"/>
            <Policies>
                <SizeBasedTriggeringPolicy size="19500KB" />
            </Policies>
            <DefaultRolloverStrategy max="10"/>
        </RollingFile>
          
        <RollingFile name="debugLog" fileName="${APP_LOG_ROOT}/app-debug.log"
            filePattern="${APP_LOG_ROOT}/app-debug-%d{yyyy-MM-dd}-%i.log">
            <LevelRangeFilter minLevel="DEBUG" maxLevel="DEBUG" onMatch="ACCEPT" onMismatch="DENY"/>
            <PatternLayout pattern="${LOG_PATTERN}"/>
            <Policies>
                <SizeBasedTriggeringPolicy size="19500KB" />
            </Policies>
            <DefaultRolloverStrategy max="10"/>
        </RollingFile>
          
        <RollingFile name="infoLog" fileName="${APP_LOG_ROOT}/app-info.log"
            filePattern="${APP_LOG_ROOT}/app-info-%d{yyyy-MM-dd}-%i.log" >
            <LevelRangeFilter minLevel="INFO" maxLevel="INFO" onMatch="ACCEPT" onMismatch="DENY"/>
            <PatternLayout pattern="${LOG_PATTERN}"/>
            <Policies>
                <SizeBasedTriggeringPolicy size="19500KB" />
            </Policies>
            <DefaultRolloverStrategy max="10"/>
        </RollingFile>
          
        <RollingFile name="errorLog" fileName="${APP_LOG_ROOT}/app-error.log"
            filePattern="${APP_LOG_ROOT}/app-error-%d{yyyy-MM-dd}-%i.log" >
            <LevelRangeFilter minLevel="ERROR" maxLevel="ERROR" onMatch="ACCEPT" onMismatch="DENY"/>
            <PatternLayout pattern="${LOG_PATTERN}"/>
            <Policies>
                <SizeBasedTriggeringPolicy size="19500KB" />
            </Policies>
            <DefaultRolloverStrategy max="10"/>
        </RollingFile>
          
        <RollingFile name="perfLog" fileName="${APP_LOG_ROOT}/app-perf.log"
            filePattern="${APP_LOG_ROOT}/app-perf-%d{yyyy-MM-dd}-%i.log" >
            <PatternLayout pattern="${LOG_PATTERN}"/>
            <Policies>
                <SizeBasedTriggeringPolicy size="19500KB" />
            </Policies>
            <DefaultRolloverStrategy max="1"/>
        </RollingFile>
          
        <RollingFile name="traceLog" fileName="${APP_LOG_ROOT}/app-trace.log"
            filePattern="${APP_LOG_ROOT}/app-trace-%d{yyyy-MM-dd}-%i.log" >
            <PatternLayout pattern="${LOG_PATTERN}"/>
            <Policies>
                <SizeBasedTriggeringPolicy size="19500KB" />
            </Policies>
            <DefaultRolloverStrategy max="1"/>
        </RollingFile>
          
    </Appenders>
  
    <Loggers>
      
        <Logger name="com.maveric.payroll.entites" additivity="false" level="warn">
            <AppenderRef ref="traceLog" />
            <AppenderRef ref="Console" />
        </Logger>
          
        <Logger name="com.maveric.payroll." additivity="false" level="debug">
            <AppenderRef ref="debugLog" />
            <AppenderRef ref="infoLog"  />
            <AppenderRef ref="errorLog" />
            <AppenderRef ref="Console"  />
        </Logger>
          
            
        <Root level="warn">
            <AppenderRef ref="errorLog"/>
        </Root>
  
    </Loggers>
  
</Configuration>